check_id,date
1899-12-31,2024-01-01
1900-01-01,2024-01-04
1900-01-02,2024-01-07
1900-01-03,2024-01-10
1900-01-04,2024-01-13
1900-01-05,2024-01-16
1900-01-06,2024-01-19
1900-01-07,2024-01-22
1900-01-08,2024-01-25
1900-01-09,2024-01-28
1900-01-10,2024-01-31
1900-01-11,2024-02-03
1900-01-12,2024-02-06
1900-01-13,2024-02-09
1900-01-14,2024-02-12
1900-01-15,2024-02-15
1900-01-16,2024-02-18
1900-01-17,2024-02-21
1900-01-18,2024-02-24
1900-01-19,2024-02-27
1900-01-20,2024-03-01
1900-01-21,2024-03-04
1900-01-22,2024-03-07
1900-01-23,2024-03-10
1900-01-24,2024-03-13
1900-01-25,2024-03-16
1900-01-26,2024-03-19
1900-01-27,2024-03-22
1900-01-28,2024-03-25
1900-01-29,2024-03-28
1900-01-30,2024-03-31
1900-01-31,2024-04-03
1900-02-01,2024-04-06
1900-02-02,2024-04-09
1900-02-03,2024-01-03
1900-02-04,2024-01-06
1900-02-05,2024-01-09
1900-02-06,2024-01-12
1900-02-07,2024-01-15
1900-02-08,2024-01-18
1900-02-09,2024-01-21
1900-02-10,2024-01-24
1900-02-11,2024-01-27
1900-02-12,2024-01-30
1900-02-13,2024-02-02
1900-02-14,2024-02-05
1900-02-15,2024-02-08
1900-02-16,2024-02-11
1900-02-17,2024-02-14
1900-02-18,2024-02-17
1900-02-19,2024-02-20
1900-02-20,2024-02-23
1900-02-21,2024-02-26
1900-02-22,2024-02-29
1900-02-23,2024-03-03
1900-02-24,2024-03-06
1900-02-25,2024-03-09
1900-02-26,2024-03-12
1900-02-27,2024-03-15
1900-02-28,2024-03-18
1900-03-01,2024-03-21
1900-03-02,2024-03-24
1900-03-03,2024-03-27
1900-03-04,2024-03-30
1900-03-05,2024-04-02
1900-03-06,2024-04-05
1900-03-07,2024-04-08
1900-03-08,2024-01-02
1900-03-09,2024-01-05
1900-03-10,2024-01-08
1900-03-11,2024-01-11
1900-03-12,2024-01-14
1900-03-13,2024-01-17
1900-03-14,2024-01-20
1900-03-15,2024-01-23
1900-03-16,2024-01-26
1900-03-17,2024-01-29
1900-03-18,2024-02-01
1900-03-19,2024-02-04
1900-03-20,2024-02-07
1900-03-21,2024-02-10
1900-03-22,2024-02-13
1900-03-23,2024-02-16
1900-03-24,2024-02-19
1900-03-25,2024-02-22
1900-03-26,2024-02-25
1900-03-27,2024-02-28
1900-03-28,2024-03-02
1900-03-29,2024-03-05
1900-03-30,2024-03-08
1900-03-31,2024-03-11
1900-04-01,2024-03-14
1900-04-02,2024-03-17
1900-04-03,2024-03-20
1900-04-04,2024-03-23
1900-04-05,2024-03-26
1900-04-06,2024-03-29
1900-04-07,2024-04-01
1900-04-08,2024-04-04
1900-04-09,2024-04-07